{
"meta":{"test_sets":[],"test_metrics":[],"learn_metrics":[{"best_value":"Min","name":"MultiClass"}],"launch_mode":"Train","parameters":"","iteration_count":10,"learn_sets":["learn"],"name":"experiment"},
"iterations":[
{"learn":[1.057395545],"iteration":0,"passed_time":0.5417175506,"remaining_time":4.875457955},
{"learn":[1.034916732],"iteration":1,"passed_time":0.8304510214,"remaining_time":3.321804086},
{"learn":[1.01262528],"iteration":2,"passed_time":1.089942445,"remaining_time":2.543199038},
{"learn":[0.9864445902],"iteration":3,"passed_time":1.322397361,"remaining_time":1.98359,
{"l,
{"learn":[0.9724369633],"iteration":4,"passed_time":1.620838456,"remaining_time":1.62083,
{"l,
{"learn":[0.9592794495],"iteration":5,"passed_time":1.89308867,"remaining_time":1.26205,
{"l,
{"learn":[0.9399631163],"iteration":6,"passed_time":2.137534795,"remaining_time":0.916086,
{"l,
{"learn":[0.9261483207],"iteration":7,"passed_time":2.476421748,"remaining_time":0.61910,
{"le,
{"learn":[0.9048242596],"iteration":8,"passed_time":2.694558088,"remaining_time":0.29939,
{"le,
{"learn":[0.8837690399],"iteration":9,"passed_time":2.851162164,"remaining_time":0}
]}}