iter	MultiClass
0	1.057395545
1	1.034916732
2	1.01262528
3	0.9864445904	4	0.9724369635	5	0.959279446	06	0.939963117	07	0.926148328	08	0.904824259	09	0.8837690399

